date,steps,distance,runDistance,calories
4/27/2016,4948,3242,46,281
4/28/2016,16573,12060,79,751
4/29/2016,18002,12916,29,737
4/30/2016,4126,2981,11,207
5/1/2016,3869,2651,0,244
5/2/2016,10004,7330,0,426
5/3/2016,14565,11022,55,616
5/4/2016,6295,4341,0,315
5/5/2016,12424,10207,2968,587
5/6/2016,7964,5736,209,345
5/7/2016,9518,7071,0,456
5/8/2016,4088,3119,0,197
5/9/2016,1958,1266,0,134
5/10/2016,4534,2974,48,270
5/11/2016,2569,1661,0,198
5/12/2016,10398,7728,64,500
5/13/2016,4276,2809,0,251
5/14/2016,4591,3314,0,264
5/15/2016,3164,2094,0,190
5/16/2016,5880,4415,46,253
5/17/2016,2499,1615,0,135
5/18/2016,7824,5584,65,387
5/19/2016,9053,6697,18,431
5/20/2016,12367,8560,110,614
5/21/2016,11307,8250,0,454
5/22/2016,1531,990,0,119
5/23/2016,2585,1671,0,165
5/24/2016,12141,8997,106,529
5/25/2016,9159,6433,399,455
5/26/2016,15682,11175,133,667
5/27/2016,16859,11675,698,698
5/28/2016,1480,957,0,108
5/29/2016,19521,13842,43,805
5/30/2016,4950,3603,0,214
5/31/2016,3575,2313,0,239
6/1/2016,11677,8641,0,535
6/2/2016,3755,2918,0,187
6/3/2016,5117,3402,49,245
6/4/2016,5896,3947,0,311
6/5/2016,3294,2129,0,205
6/6/2016,7644,5372,0,366
6/7/2016,9196,6306,0,434
6/8/2016,11668,8231,0,482
6/9/2016,4698,3037,19,290
6/10/2016,13407,9340,58,631
6/11/2016,10886,7569,137,491
6/12/2016,3912,2529,22,248
6/13/2016,9188,6839,0,381
6/14/2016,5231,3502,107,280
6/15/2016,13878,10191,82,603
6/16/2016,11051,7398,11,483
6/17/2016,8004,5495,110,412
6/18/2016,30386,21052,567,1104
6/19/2016,37375,26057,277,1333
6/20/2016,26579,18860,240,1015
6/21/2016,29694,21190,122,1114
6/22/2016,23866,16846,180,861
6/23/2016,30013,21454,0,1051
6/24/2016,21101,14760,53,889
6/25/2016,22026,15974,2310,855
6/26/2016,1895,1225,0,133
6/27/2016,7038,4929,119,418
6/28/2016,13270,9506,79,608
6/29/2016,9896,6819,106,456
6/30/2016,13112,8948,660,590
7/1/2016,15140,10834,168,647
7/2/2016,2522,1630,0,204
7/3/2016,10103,7013,113,466
7/4/2016,20349,14639,888,796
7/5/2016,9983,7257,269,442
7/6/2016,20540,14902,371,799
7/7/2016,7053,5149,581,352
7/8/2016,4499,2980,0,229
7/9/2016,5678,4233,57,293
7/10/2016,11777,8557,58,464
7/11/2016,3154,2159,55,206
7/12/2016,20699,14186,81,778
7/13/2016,16828,11917,65,705
7/14/2016,14564,10617,46,629
7/15/2016,27465,19750,205,1168
7/16/2016,7126,5318,0,345
7/17/2016,3530,2424,0,222
7/18/2016,19395,13484,749,893
7/19/2016,22027,16025,285,932
7/20/2016,14825,10500,128,618
7/21/2016,28426,20409,1177,1151
7/22/2016,21696,15552,444,918
7/23/2016,821,531,0,80
7/24/2016,11925,8904,49,533
7/25/2016,19729,13917,377,855
7/26/2016,24865,17352,578,1024
7/27/2016,17319,12215,355,817
7/28/2016,22108,15701,203,938
7/29/2016,27582,19790,276,1122
7/30/2016,13132,9147,83,589
7/31/2016,16795,11847,109,652
8/1/2016,27038,19214,194,1160
8/2/2016,14171,9976,171,585
8/3/2016,11759,8512,447,515
8/4/2016,22070,15257,508,940
8/5/2016,14260,10770,244,628
8/6/2016,11559,7930,110,563
8/7/2016,12764,8931,33,496
8/8/2016,27581,19889,2122,1171
8/9/2016,26044,18875,642,1055
8/10/2016,12709,9274,97,550
8/11/2016,12728,8866,435,527
8/12/2016,20143,14325,530,857
8/13/2016,8596,5886,34,412
8/14/2016,8501,6015,22,421
8/15/2016,14931,11065,463,676
8/16/2016,11955,8657,471,524
8/17/2016,17636,12686,658,765
8/18/2016,15932,11402,415,732
8/19/2016,18123,12706,522,778
8/20/2016,5026,3751,0,222
8/21/2016,9142,6742,0,469
8/22/2016,19683,13857,226,852
8/23/2016,21144,14729,857,855
8/24/2016,15255,10720,333,749
8/25/2016,18885,13489,636,860
8/26/2016,12161,7894,278,613
8/27/2016,3785,2500,0,240
8/28/2016,2500,1643,68,178
8/29/2016,13106,9558,503,578
8/30/2016,12277,9246,433,523
8/31/2016,11645,8758,697,495
9/1/2016,16011,11113,278,790
9/2/2016,21420,16047,113,946
9/3/2016,0,0,0,0
9/4/2016,0,0,0,0
9/5/2016,0,0,0,0
9/6/2016,0,0,0,0
9/7/2016,0,0,0,0
9/8/2016,0,0,0,0
9/9/2016,0,0,0,0
9/10/2016,0,0,0,0
9/11/2016,12045,9011,393,553
9/12/2016,15082,11275,700,679
9/13/2016,21065,15026,1418,881
9/14/2016,12903,9436,1760,548
9/15/2016,28063,20747,584,1197
9/16/2016,19197,14346,128,811
9/17/2016,12004,8640,372,544
9/18/2016,8219,5740,778,416
9/19/2016,19781,14387,2499,833
9/20/2016,27085,19665,2344,1067
9/21/2016,30265,21630,2662,1311
9/22/2016,14753,10554,1575,652
9/23/2016,11071,7738,1723,575
9/24/2016,1244,804,0,102
9/25/2016,17736,12438,754,790
9/26/2016,26795,20174,475,1124
9/27/2016,13561,10107,738,622
9/28/2016,16191,11283,310,806
9/29/2016,18566,13080,1284,892
9/30/2016,14748,10758,1452,646
10/1/2016,7404,5374,145,358
10/2/2016,145,94,0,7
10/3/2016,0,0,0,0
10/4/2016,0,0,0,0
10/5/2016,0,0,0,0
10/6/2016,0,0,0,0
10/7/2016,0,0,0,0
10/8/2016,0,0,0,0
10/9/2016,10575,7929,311,403
10/10/2016,15274,11166,4765,651
10/11/2016,15986,11509,1616,721
10/12/2016,23345,16446,1348,1060
10/13/2016,23901,16759,2219,1062
10/14/2016,15237,11413,846,605
10/15/2016,4352,3278,41,231
10/16/2016,5291,3518,234,333
10/17/2016,8547,6132,957,377
10/18/2016,17119,12351,169,800
10/19/2016,25874,18919,310,1141
10/20/2016,21677,15214,1035,990
10/21/2016,22065,16156,1547,921
10/22/2016,6318,4711,57,315
10/23/2016,17824,13232,83,678
10/24/2016,14187,10112,2132,343
10/25/2016,18272,12947,793,439
10/26/2016,15063,11494,296,413
10/27/2016,12390,9318,523,328
10/28/2016,14532,10579,1478,362
10/29/2016,11376,7955,1894,281
10/30/2016,14737,10940,173,360
10/31/2016,13436,9982,1191,359
11/1/2016,30190,22446,1763,753
11/2/2016,16513,12126,1074,412
11/3/2016,19682,14068,640,466
11/4/2016,2207,1427,0,61
11/5/2016,3443,2225,0,93
11/6/2016,9662,7195,170,248
11/7/2016,13192,9757,1242,340
11/8/2016,18606,13315,1349,450
11/9/2016,17586,13037,838,455
11/10/2016,21344,15312,1995,509
11/11/2016,16311,11851,1304,417
11/12/2016,9921,7326,1359,267
11/13/2016,6737,4961,266,187
11/14/2016,13734,10222,385,356
11/15/2016,11587,8409,1856,295
11/16/2016,12303,8881,2142,298
11/17/2016,15141,10504,948,353
11/18/2016,11619,8564,79,293
11/19/2016,17816,13346,198,436
11/20/2016,4327,3069,415,108
11/21/2016,14434,10803,515,373
11/22/2016,12083,8972,282,313
11/23/2016,23947,17500,6134,602
11/24/2016,19426,13863,1949,467
11/25/2016,8535,6323,353,226
11/26/2016,12832,9357,1096,324
11/27/2016,1240,802,0,39
11/28/2016,12886,9291,2872,336
11/29/2016,15865,11395,4338,394
11/30/2016,10835,7151,177,232
12/1/2016,10000,7076,2384,248
12/2/2016,22077,16118,6087,565
12/3/2016,10512,7575,2097,263
12/4/2016,3333,2291,70,88
12/5/2016,17520,12353,2353,416
12/6/2016,14459,10492,944,350
12/7/2016,20565,15305,853,506
12/8/2016,24919,18342,336,606
12/9/2016,13301,9340,510,304
12/10/2016,11995,8053,391,270
12/11/2016,4267,2782,86,111
12/12/2016,13909,9262,358,291
12/13/2016,9744,7005,514,244
12/14/2016,18838,13601,889,464
12/15/2016,13645,9984,1534,340
12/16/2016,22452,15995,2340,528
12/17/2016,10979,7878,1262,264
12/18/2016,19452,14814,0,495
12/19/2016,13637,9741,2870,344
12/20/2016,27032,19965,951,657
12/21/2016,20437,14434,1647,482
12/22/2016,12226,8799,677,292
12/23/2016,21049,15788,1184,532
12/24/2016,12603,9173,900,309
12/25/2016,2753,1895,47,75
12/26/2016,15457,10820,1769,352
12/27/2016,20188,14165,1510,455
12/28/2016,11157,8228,707,285
12/29/2016,13039,9461,1333,310
12/30/2016,16310,11830,4583,418
12/31/2016,6426,4465,349,153
1/1/2017,805,520,0,23
1/2/2017,828,535,0,26
1/3/2017,22320,16416,3508,570
1/4/2017,17713,11524,46,339
1/5/2017,6207,4515,224,164
1/6/2017,1516,980,0,46
1/7/2017,11295,8629,595,313
1/8/2017,10440,7407,1935,252
1/9/2017,14209,10290,2195,351
1/10/2017,11725,8621,606,303
1/11/2017,20166,14429,3719,502
1/12/2017,23969,17019,3236,558
1/13/2017,13294,9576,1157,327
1/14/2017,10972,7930,1804,281
1/15/2017,14802,10841,1072,359
1/16/2017,23473,17310,859,579
1/17/2017,14445,10497,230,350
1/18/2017,16882,11759,172,379
1/19/2017,13698,9166,856,299
1/20/2017,17057,12219,808,404
1/21/2017,3429,2396,437,94
1/22/2017,3269,2122,42,88
1/23/2017,13387,9284,430,307
1/24/2017,13882,9397,1228,305
1/25/2017,5230,3420,99,119
1/26/2017,0,0,0,0
1/27/2017,0,0,0,0
1/28/2017,0,0,0,0
1/29/2017,0,0,0,0
1/30/2017,0,0,0,0
1/31/2017,0,0,0,0
2/1/2017,0,0,0,0
2/2/2017,55,36,0,2
2/3/2017,5912,4146,183,143
2/4/2017,834,539,0,25
2/5/2017,5984,4231,259,146
2/6/2017,9029,6495,789,229
2/7/2017,11806,8605,783,293
2/8/2017,10917,7834,891,265
2/9/2017,9390,7169,113,255
2/10/2017,7200,5045,924,174
2/11/2017,19223,13597,1732,438
2/12/2017,3540,2430,51,87
2/13/2017,36318,26544,700,829
2/14/2017,26012,18415,134,565
2/15/2017,21264,15176,654,479
2/16/2017,21099,15291,1183,499
2/17/2017,17218,12160,88,373
2/18/2017,0,0,0,0
2/19/2017,0,0,0,0
2/20/2017,20915,15347,258,483
2/21/2017,23366,17019,248,549
2/22/2017,32974,23637,576,729
2/23/2017,6910,4805,550,159
2/24/2017,4586,3192,782,119
2/25/2017,903,584,0,27
2/26/2017,5026,3500,803,131
2/27/2017,22002,16204,286,542
2/28/2017,20949,15337,302,508
3/1/2017,18709,13264,874,435
3/2/2017,9121,6764,26,222
3/3/2017,23131,16709,482,532
3/4/2017,18877,14055,1281,478
3/5/2017,2968,2018,0,78
3/6/2017,18119,12822,1184,420
3/7/2017,8868,6569,615,231
3/8/2017,12592,9285,188,300
3/9/2017,16910,12835,1451,457
3/10/2017,15071,10857,174,353
3/11/2017,1146,741,0,34
3/12/2017,1231,796,0,37
3/13/2017,13076,9675,274,340
3/14/2017,25369,17963,2812,588
3/15/2017,11828,8189,1360,275
3/16/2017,13386,9214,525,301
3/17/2017,12221,8615,251,283
3/18/2017,2403,1692,26,69
3/19/2017,1367,884,0,40
3/20/2017,4096,2877,0,106
3/21/2017,16099,11437,1150,388
3/22/2017,9849,7350,114,264
3/23/2017,19111,13907,2577,472
3/24/2017,17162,12702,988,415
3/25/2017,1161,750,0,33
3/26/2017,4920,3611,98,129
3/27/2017,10688,7634,2125,261
3/28/2017,15290,11081,1339,375
3/29/2017,22507,16126,4240,549
3/30/2017,14097,9913,2044,333
3/31/2017,12988,9305,906,318
4/1/2017,7721,5889,372,204
4/2/2017,3296,2286,37,86
4/3/2017,18924,13724,2281,453
4/4/2017,18336,13278,736,432
4/5/2017,15375,11484,768,388
4/6/2017,20230,15139,248,511
4/7/2017,11657,8437,881,281
4/8/2017,10972,7939,1403,276
4/9/2017,37255,27868,421,894
4/10/2017,24167,17392,2293,564
4/11/2017,18940,14269,245,487
4/12/2017,11702,8894,180,313
4/13/2017,12548,9210,1243,312
4/14/2017,13242,9695,1072,343
4/15/2017,4238,2794,60,100
4/16/2017,16954,11974,1041,392
4/17/2017,10228,7153,1147,247
4/18/2017,11196,7735,399,248
4/19/2017,14413,9830,1572,319
4/20/2017,6720,4643,702,171
4/21/2017,16906,12227,2966,422
4/22/2017,32210,23114,234,712
4/23/2017,36537,26240,105,793
4/24/2017,23665,17251,1190,559
4/25/2017,443,286,0,11
4/26/2017,22493,16505,3457,555
4/27/2017,1154,755,0,28
4/28/2017,22243,15974,2306,532
4/29/2017,3299,2291,0,83
4/30/2017,15212,10782,594,348
5/1/2017,977,632,0,26
5/2/2017,0,0,0,0
5/3/2017,0,0,0,0
5/4/2017,171,111,0,4
5/5/2017,10750,7361,71,254
5/6/2017,12307,8289,42,281
5/7/2017,3169,2183,0,83
5/8/2017,3887,2825,63,96
5/9/2017,3766,2623,0,104
5/10/2017,4578,3237,115,123
5/11/2017,7143,4817,281,162
5/12/2017,13748,10094,188,350
5/13/2017,15947,10799,222,357
5/14/2017,9360,7207,47,267
5/15/2017,5966,4031,272,139
5/16/2017,3809,2723,129,104
5/17/2017,5900,4033,389,139
5/18/2017,9813,6536,63,220
5/19/2017,6429,4347,64,148
5/20/2017,13506,8932,0,290
5/21/2017,3544,2346,0,98
5/22/2017,5936,4074,193,146
5/23/2017,12618,9195,660,310
5/24/2017,17604,12798,512,411
5/25/2017,10338,7845,241,270
5/26/2017,6952,4849,0,164
5/27/2017,26122,18349,293,576
5/28/2017,20480,14344,154,454
5/29/2017,5272,3607,0,124
5/30/2017,10354,7448,479,248
5/31/2017,10016,6892,137,221
6/1/2017,5778,4001,68,141
6/2/2017,4579,3057,167,113
6/3/2017,10868,7179,126,235
6/4/2017,2234,1457,97,62
6/5/2017,3674,2514,126,87
6/6/2017,11315,8189,423,269
6/7/2017,17788,12788,163,399
6/8/2017,5459,3672,166,117
6/9/2017,8960,6306,100,214
6/10/2017,13480,9480,183,297
6/11/2017,19051,13334,98,414
6/12/2017,11668,8030,52,250
6/13/2017,7808,5219,137,160
6/14/2017,5347,4064,0,130
6/15/2017,14994,10759,887,356
6/16/2017,5108,3457,24,128
6/17/2017,17437,11516,164,377
6/18/2017,2160,1396,0,60
6/19/2017,4657,3314,167,120
6/20/2017,4862,3521,342,128
6/21/2017,2770,1950,253,75
6/22/2017,5164,3535,378,124
6/23/2017,5071,3503,297,118
6/24/2017,26745,19494,1056,675
6/25/2017,14538,10176,740,341
6/26/2017,3858,2685,334,98
6/27/2017,4713,3361,188,120
6/28/2017,5496,3803,311,136
6/29/2017,6548,4588,466,160
6/30/2017,15384,10372,712,338
7/1/2017,10228,6684,678,224
7/2/2017,10153,7500,351,267
7/3/2017,16628,12517,373,427
7/4/2017,18676,14266,469,503
7/5/2017,4904,3473,390,120
7/6/2017,19022,13515,763,442
7/7/2017,5025,3681,419,133
7/8/2017,10115,7149,584,259
7/9/2017,4262,3279,170,128
7/10/2017,2402,1680,249,62
7/11/2017,811,561,111,22
7/12/2017,2538,1777,228,67
7/13/2017,4737,3538,493,132
7/14/2017,2710,1880,198,76
7/15/2017,14709,9665,959,305
7/16/2017,10059,7309,167,237
7/17/2017,11211,7929,847,269
7/18/2017,2695,1901,377,71
7/19/2017,4565,3327,187,120
7/20/2017,7260,5154,491,183
7/21/2017,14818,9725,1040,305
7/22/2017,21404,14668,1072,476
7/23/2017,7558,5627,252,188
7/24/2017,12012,9154,391,331
7/25/2017,8734,5786,500,198
7/26/2017,4006,2829,430,107
7/27/2017,6238,4450,459,163
7/28/2017,17688,12093,904,391
7/29/2017,37126,26491,500,828
7/30/2017,23826,16986,373,543
7/31/2017,7119,5077,434,188
8/1/2017,4015,2852,356,107
8/2/2017,12065,8364,677,278
8/3/2017,2553,1806,307,70
8/4/2017,14331,10880,491,384
8/5/2017,17125,12100,689,409
8/6/2017,4690,3568,185,140
8/7/2017,2599,1870,180,66
8/8/2017,8692,6165,317,202
8/9/2017,13583,10250,376,345
8/10/2017,17925,12914,438,428
8/11/2017,5911,3923,310,131
8/12/2017,17040,11521,832,373
8/13/2017,10490,7743,192,261
8/14/2017,4005,2684,307,91
8/15/2017,5645,4047,404,154
8/16/2017,6877,4795,620,176
8/17/2017,5650,3881,403,129
8/18/2017,9389,6172,676,202
8/19/2017,15915,11255,392,362
8/20/2017,11850,9021,159,304
8/21/2017,5985,4309,215,149
8/22/2017,18335,12720,1400,428
8/23/2017,2866,1988,366,75
8/24/2017,8896,6635,145,237
8/25/2017,10408,7107,639,232
8/26/2017,17635,12489,463,408
8/27/2017,2665,1907,141,70
8/28/2017,7802,5555,737,198
8/29/2017,4885,3268,391,111
8/30/2017,3002,2112,346,80
8/31/2017,10176,7529,357,272
9/1/2017,3166,2212,221,79
9/2/2017,18094,13818,235,462
9/3/2017,30841,23002,519,793
9/4/2017,8752,5842,657,198
9/5/2017,3372,2477,256,95
9/6/2017,4600,3111,357,110
9/7/2017,5834,3930,509,134
9/8/2017,9773,7327,431,275
9/9/2017,14669,10141,802,334
9/10/2017,4788,3462,206,124
9/11/2017,4452,2982,441,111
9/12/2017,14137,10283,514,352
9/13/2017,10044,6828,613,224
9/14/2017,4408,2989,405,101
9/15/2017,8603,5997,375,197
9/16/2017,30522,20886,350,654
9/17/2017,19075,13012,304,407
9/18/2017,26213,18221,537,578
9/19/2017,25523,18991,280,625
9/20/2017,34543,24523,289,784
9/21/2017,27355,19258,466,607
9/22/2017,18863,13057,225,410
9/23/2017,4769,3362,447,123
9/24/2017,3292,2215,246,79
9/25/2017,6755,4739,569,168
9/26/2017,4751,3268,441,116
9/27/2017,6485,4477,351,154
9/28/2017,5488,3786,366,134
9/29/2017,4635,3137,347,102
9/30/2017,10977,7458,713,248
10/1/2017,6681,4907,213,176
10/2/2017,8778,6223,565,216
10/3/2017,6915,4748,417,168
10/4/2017,5033,3456,319,122
10/5/2017,5054,3363,395,117
10/6/2017,6362,4298,416,148
10/7/2017,9091,6253,460,209
10/8/2017,14455,10718,232,350
10/9/2017,3367,2361,319,95
10/10/2017,6486,4705,417,166
10/11/2017,7563,5472,418,200
10/12/2017,4392,2999,237,108
10/13/2017,5042,3556,386,127
10/14/2017,13621,9828,686,340
10/15/2017,4616,3465,158,127
10/16/2017,7231,4966,548,167
10/17/2017,5318,3703,497,138
10/18/2017,8963,6247,630,217
10/19/2017,15129,10961,638,388
10/20/2017,4420,3221,177,116
10/21/2017,3414,2293,318,84
10/22/2017,15392,11631,527,417
10/23/2017,10098,6926,719,232
10/24/2017,6357,4302,460,153
10/25/2017,6131,4105,518,143
10/26/2017,9406,6409,545,217
10/27/2017,7649,5282,745,189
10/28/2017,2809,1940,266,71
10/29/2017,469,303,26,14
10/30/2017,8055,5862,739,213
10/31/2017,8290,6033,448,220
11/1/2017,7222,5229,240,193
11/2/2017,3469,2490,205,88
11/3/2017,5054,3493,329,122
11/4/2017,12440,8736,520,298
11/5/2017,542,350,66,16
11/6/2017,5090,3815,179,139
11/7/2017,3102,2187,175,81
11/8/2017,4217,2911,277,104
11/9/2017,8765,5924,666,196
11/10/2017,8531,6021,458,206
11/11/2017,5692,3756,495,130
11/12/2017,324,209,82,10
11/13/2017,4251,2936,482,105
11/14/2017,11415,8582,430,302
11/15/2017,3822,2722,242,104
11/16/2017,2727,1955,112,76
11/17/2017,8457,6228,1093,233
11/18/2017,9790,6854,656,242
11/19/2017,2394,1781,135,67
11/20/2017,4075,2889,219,108
11/21/2017,11289,7731,537,254
11/22/2017,13383,10198,283,369
11/23/2017,6632,4709,301,169
11/24/2017,4536,3253,365,119
11/25/2017,4204,2838,387,101
11/26/2017,9053,6930,208,259
11/27/2017,9377,6616,1113,240
11/28/2017,7817,5256,632,180
11/29/2017,5089,3438,389,126
11/30/2017,3702,2593,202,95
12/1/2017,8291,5506,537,191
12/2/2017,5275,3563,423,122
12/3/2017,658,425,72,17
12/4/2017,5648,4030,410,146
12/5/2017,3628,2565,356,95
12/6/2017,4327,2898,514,105
12/7/2017,4870,3331,374,122
12/8/2017,12568,8771,645,283
12/9/2017,4162,2744,326,93
12/10/2017,2430,1709,156,61
12/11/2017,4813,3463,243,123
12/12/2017,13753,10121,436,350
12/13/2017,3183,2245,193,78
12/14/2017,4000,2813,285,103
12/15/2017,10766,7991,167,277
12/16/2017,10511,7735,140,256
12/17/2017,1901,1401,112,53
12/18/2017,6269,4478,99,152
12/19/2017,646,418,71,21
12/20/2017,2541,1836,162,68
12/21/2017,562,363,114,18
12/22/2017,10005,7549,381,270
12/23/2017,2837,1868,248,69
12/24/2017,25469,19348,285,672
12/25/2017,307,198,64,11
12/26/2017,2164,1495,119,53
12/27/2017,10611,8215,181,289
12/28/2017,430,278,89,15
12/29/2017,1963,1475,99,54
12/30/2017,8411,6359,168,233
12/31/2017,2632,1893,127,72
1/1/2018,690,446,88,22
1/2/2018,4145,3187,273,125
1/3/2018,1759,1137,234,48
1/4/2018,10697,7222,439,247
1/5/2018,8593,5770,325,191
1/6/2018,635,410,97,18
1/7/2018,2743,1886,168,68
1/8/2018,671,434,123,20
1/9/2018,3083,2251,465,94
1/10/2018,685,443,85,22
1/11/2018,777,502,170,24
1/12/2018,5282,4000,227,150
1/13/2018,1549,1127,54,40
1/14/2018,7053,5035,321,177
1/15/2018,6663,4840,364,174
1/16/2018,4705,3292,177,120
1/17/2018,3715,2594,151,96
1/18/2018,23706,17380,3304,635
1/19/2018,844,546,94,23
1/20/2018,43,28,8,2
1/21/2018,26052,18538,309,605
1/22/2018,10567,7994,406,296
1/23/2018,8427,5918,509,199
1/24/2018,31246,23121,409,744
1/25/2018,4258,2807,317,96
1/26/2018,16689,12012,412,395
1/27/2018,1127,728,78,23
1/28/2018,9111,6182,301,191
1/29/2018,2531,1642,317,58
1/30/2018,4145,2723,264,89
1/31/2018,2485,1633,145,59
2/1/2018,10731,7376,306,231
2/2/2018,3814,2654,272,88
2/3/2018,1801,1164,126,40
2/4/2018,8889,6296,256,207
2/5/2018,2329,1513,224,54
2/6/2018,13372,9678,360,335
2/7/2018,9698,6606,556,221
2/8/2018,18029,13011,275,412
2/9/2018,6383,4278,273,145
2/10/2018,11154,7679,324,251
2/11/2018,8192,5334,532,180
2/12/2018,3394,2202,306,84
2/13/2018,12591,8857,402,282
2/14/2018,19825,13708,697,439
2/15/2018,6986,4605,425,156
2/16/2018,12846,9151,249,293
2/17/2018,6938,4801,313,158
2/18/2018,10075,6750,318,214
2/19/2018,3224,2084,278,74
2/20/2018,3475,2507,133,83
2/21/2018,271,175,39,6
2/22/2018,3812,2595,230,89
2/23/2018,2932,1906,293,67
2/24/2018,5017,3377,326,117
2/25/2018,3783,2487,319,81
2/26/2018,3043,2002,205,67
2/27/2018,16682,12410,1538,440
2/28/2018,18167,13282,376,429
3/1/2018,6364,4326,249,137
3/2/2018,17737,12751,455,408
3/3/2018,3654,2528,166,82
3/4/2018,11302,8329,307,285
3/5/2018,2948,1906,188,65
3/6/2018,14543,10775,1668,383
3/7/2018,15170,11338,2080,407
3/8/2018,3675,2459,177,80
3/9/2018,8215,5925,262,204
3/10/2018,12053,9049,82,302
3/11/2018,6464,4670,101,155
3/12/2018,6345,4642,39,149
3/13/2018,13224,10262,256,376
3/14/2018,21348,15775,147,499
3/15/2018,11797,8548,170,269
3/16/2018,4803,3443,164,114
3/17/2018,7480,5001,398,160
3/18/2018,7805,5511,269,175
3/19/2018,3092,2066,170,67
3/20/2018,4592,3176,283,107
3/21/2018,451,292,65,13
3/22/2018,34,22,7,1
3/23/2018,1171,762,105,24
3/24/2018,5350,3791,204,125
3/25/2018,2332,1516,202,53
3/26/2018,2442,1612,121,55
3/27/2018,2410,1566,227,54
3/28/2018,5882,4182,316,139
3/29/2018,2902,1919,212,67
3/30/2018,2542,1661,149,52
3/31/2018,6775,4580,328,156
4/1/2018,2692,1754,333,68
4/2/2018,19909,14723,446,487
4/3/2018,6245,4086,434,132
4/4/2018,3019,2025,264,73
4/5/2018,3896,2551,293,88
4/6/2018,12281,8990,251,288
4/7/2018,31019,21576,622,680
4/8/2018,32547,22652,469,707
4/9/2018,23500,15989,250,495
4/10/2018,12748,8698,154,265
4/11/2018,22217,15636,450,493
4/12/2018,9083,6098,236,199
4/13/2018,26254,18549,398,582
4/14/2018,23288,15536,343,465
4/15/2018,13955,9436,435,301
4/16/2018,19165,13415,331,425
4/17/2018,29079,20180,467,625
4/18/2018,5382,3535,340,119
4/19/2018,8178,5589,443,195
4/20/2018,23292,16859,476,542
4/21/2018,23681,16541,374,515
4/22/2018,3534,2397,266,89
4/23/2018,2886,2024,348,79
4/24/2018,4720,3594,237,141
4/25/2018,775,501,114,23
4/26/2018,511,330,77,17
4/27/2018,961,621,150,29
4/28/2018,482,312,72,16
4/29/2018,456,295,56,14
4/30/2018,4453,3329,129,115
5/1/2018,12219,9490,352,358
5/2/2018,9761,7348,353,273
5/3/2018,15949,11963,309,399
5/4/2018,3347,2369,165,91
5/5/2018,25854,19509,436,656
5/6/2018,895,579,117,31
5/7/2018,873,564,150,26
5/8/2018,7851,5903,315,219
5/9/2018,4060,3040,170,118
5/10/2018,660,427,111,22
5/11/2018,2462,1789,177,67
5/12/2018,12813,9938,553,375
5/13/2018,2348,1659,150,63
5/14/2018,1059,685,104,31
5/15/2018,8586,6765,162,253
5/16/2018,20205,15176,507,548
5/17/2018,12935,9889,356,367
5/18/2018,866,560,107,25
5/19/2018,2405,1704,190,62
5/20/2018,437,282,52,13
5/21/2018,10996,8144,385,289
5/22/2018,30821,23125,782,797
5/23/2018,10259,7809,277,276
5/24/2018,12198,8651,845,299
5/25/2018,11353,8771,369,334
5/26/2018,7967,5693,225,194
5/27/2018,4646,3503,245,137
5/28/2018,11496,8240,550,284
5/29/2018,11762,8900,623,313
5/30/2018,25523,19419,383,668
5/31/2018,16878,12535,574,445
6/1/2018,10058,7625,421,281
6/2/2018,550,356,61,16
6/3/2018,9824,7342,309,259
6/4/2018,16021,12165,293,423
6/5/2018,23052,17658,586,638
6/6/2018,2037,1376,262,52
6/7/2018,6853,4882,351,166
6/8/2018,8010,5960,305,216
6/9/2018,9754,7166,576,253
6/10/2018,11912,8951,836,316
6/11/2018,6404,4154,543,143
6/12/2018,6583,4364,363,147
6/13/2018,23325,16699,825,553
6/14/2018,6893,4937,443,165
6/15/2018,15944,11308,418,377
6/16/2018,504,326,104,18
6/17/2018,4112,3098,209,117
6/18/2018,21672,15739,695,540
6/19/2018,7441,5477,522,193
6/20/2018,21969,16240,263,538
6/21/2018,942,609,79,24
6/22/2018,11204,8169,974,288
6/23/2018,19549,14417,400,468
6/24/2018,14428,10315,440,345
6/25/2018,32452,23487,481,742
6/26/2018,11609,8222,350,284
6/27/2018,7496,5334,298,178
6/28/2018,17544,12651,515,431
6/29/2018,748,483,83,20
6/30/2018,4837,3189,228,101
7/1/2018,4332,3248,171,121
7/2/2018,19088,13341,856,441
7/3/2018,24347,17648,846,612
7/4/2018,675,436,120,20
7/5/2018,2831,1964,121,70
7/6/2018,6193,4454,183,157
7/7/2018,13472,10588,326,408
7/8/2018,1008,652,70,27
7/9/2018,11770,8287,770,282
7/10/2018,14775,10911,490,393
7/11/2018,1012,654,145,28
7/12/2018,1323,855,198,39
7/13/2018,15506,11303,661,408
7/14/2018,2099,1516,181,57
7/15/2018,1110,717,94,28
7/16/2018,26510,19851,761,698
7/17/2018,809,523,118,25
7/18/2018,530,343,114,16
7/19/2018,4034,2884,131,104
7/20/2018,639,413,80,21
7/21/2018,2923,2176,158,83
7/22/2018,29767,21943,377,720
7/23/2018,14913,10478,602,338
7/24/2018,3105,2272,146,81
7/25/2018,1037,670,113,28
7/26/2018,16949,12268,273,401
7/27/2018,8090,5897,372,202
7/28/2018,15858,10815,324,335
7/29/2018,5417,3696,287,119
7/30/2018,14412,10589,237,347
7/31/2018,9136,6569,461,224
8/1/2018,16284,12140,374,416
8/2/2018,7484,5589,362,206
8/3/2018,7074,5218,349,181
8/4/2018,1888,1297,92,45
8/5/2018,7703,5818,135,197
8/6/2018,8984,6618,508,238
8/7/2018,10729,7884,712,268
8/8/2018,8965,6764,390,248
8/9/2018,7195,5128,338,176
8/10/2018,438,283,88,15
8/11/2018,24,16,15,1
8/12/2018,11337,8256,462,293
8/13/2018,6081,4453,211,155
8/14/2018,13673,10250,382,357
8/15/2018,8837,6570,366,238
8/16/2018,7871,5787,411,203
8/17/2018,7678,5552,342,198
8/18/2018,10879,7893,534,278
8/19/2018,12689,9375,190,303
8/20/2018,13143,9648,593,341
8/21/2018,12496,9004,700,308
8/22/2018,8483,6228,601,215
8/23/2018,5864,3818,448,128
8/24/2018,8635,6351,534,227
8/25/2018,13707,10009,439,330
8/26/2018,18422,13482,366,456
8/27/2018,7753,5739,406,207
8/28/2018,7408,5381,463,186
8/29/2018,7766,5681,227,196
8/30/2018,852,551,82,24
8/31/2018,2517,1864,187,75
9/1/2018,655,423,44,18
9/2/2018,1745,1211,148,49
9/3/2018,19099,15005,275,554
9/4/2018,2495,1762,206,68
9/5/2018,857,554,110,22
9/6/2018,7736,5670,470,199
9/7/2018,6140,4581,283,170
9/8/2018,509,329,84,14
9/9/2018,4168,3154,171,122
9/10/2018,9752,7074,678,248
9/11/2018,12261,8851,425,306
9/12/2018,3755,2775,92,103
9/13/2018,13960,10406,421,363
9/14/2018,8378,5963,461,200
9/15/2018,19272,13706,384,440
9/16/2018,4054,2982,187,110
9/17/2018,8739,6454,409,232
9/18/2018,15103,10962,1287,377
9/19/2018,12331,9083,421,324
9/20/2018,7075,4956,457,167
9/21/2018,13357,10234,326,374
9/22/2018,2073,1403,140,54
9/23/2018,15394,11561,429,401
9/24/2018,10022,7572,614,286
9/25/2018,6804,5011,299,174
9/26/2018,11046,8012,574,271
9/27/2018,15581,11600,366,402
9/28/2018,1824,1254,132,46
9/29/2018,8859,6800,241,248
9/30/2018,9357,6969,228,241
10/1/2018,19897,14799,669,512
10/2/2018,12881,9560,536,340
10/3/2018,5896,4100,226,150
10/4/2018,4795,3432,182,120
10/5/2018,12115,8832,302,297
10/6/2018,3939,2812,143,100
10/7/2018,10635,7754,62,248
10/8/2018,6920,5280,111,184
10/9/2018,14052,10672,206,362
10/10/2018,10861,8092,73,266
10/11/2018,18771,13743,371,444
10/12/2018,16760,12007,222,377
10/13/2018,12539,9143,298,302
10/14/2018,13883,10330,555,361
10/15/2018,4627,3083,255,100
10/16/2018,6390,4604,265,151
10/17/2018,7008,5124,374,182
10/18/2018,3229,2215,197,76
10/19/2018,3230,2125,207,70
10/20/2018,1582,1030,217,38
10/21/2018,7988,5903,177,193
10/22/2018,6134,4225,268,138
10/23/2018,2419,1564,239,54
10/24/2018,11046,7994,381,278
10/25/2018,1144,739,79,28
10/26/2018,1622,1069,179,41
10/27/2018,1197,819,69,29
10/28/2018,526,349,22,12
10/29/2018,3882,2601,367,90
10/30/2018,4517,3057,346,106
10/31/2018,2587,1729,250,65
11/1/2018,2884,1876,225,63
11/2/2018,3244,2237,223,78
11/3/2018,219,142,27,7
11/4/2018,492,318,61,13
11/5/2018,1624,1059,212,38
11/6/2018,2592,1713,294,60
11/7/2018,10810,8438,183,320
11/8/2018,272,176,55,7
11/9/2018,0,0,0,0
11/10/2018,14,9,9,1
11/11/2018,0,0,0,0
11/12/2018,6532,4779,201,159
11/13/2018,4603,3462,91,125
11/14/2018,7273,5412,305,199
11/15/2018,4046,3016,164,112
11/16/2018,10475,7917,305,285
11/17/2018,23843,17379,762,593
11/18/2018,24505,17849,185,580
11/19/2018,9186,6653,204,229
11/20/2018,5143,3745,226,131
11/21/2018,8013,5840,153,204
11/22/2018,1979,1366,161,46
11/23/2018,3689,2503,240,88
11/24/2018,14,9,0,1
11/25/2018,684,470,25,16
11/26/2018,6934,4953,399,167
11/27/2018,2719,1903,188,65
11/28/2018,2147,1472,267,50
11/29/2018,1966,1385,148,48
11/30/2018,7936,5522,558,192
12/1/2018,10513,7298,1149,246
12/2/2018,7559,5183,605,187
12/3/2018,4874,3496,164,115
12/4/2018,2637,1798,174,61
12/5/2018,4818,3575,136,127
12/6/2018,6953,5394,36,189
12/7/2018,2776,1954,116,70
12/8/2018,5822,3983,423,145
12/9/2018,7178,4826,456,162
12/10/2018,5216,3822,265,136
12/11/2018,9581,7282,308,274
12/12/2018,7766,5698,465,196
12/13/2018,6580,4999,256,188
12/14/2018,10123,7173,618,250
12/15/2018,1869,1278,72,43
12/16/2018,9915,6988,468,242
12/17/2018,5955,4287,264,143
12/18/2018,4094,3006,160,103
12/19/2018,4193,3053,115,108
12/20/2018,1749,1228,120,44
12/21/2018,5862,3981,316,136
12/22/2018,9064,6233,943,220
12/23/2018,7124,4811,395,156
12/24/2018,2356,1695,58,58
12/25/2018,28,18,0,1
12/26/2018,12,8,0,1
12/27/2018,11047,7691,689,255
12/28/2018,7587,5192,483,173
12/29/2018,1019,751,7,25
12/30/2018,9078,6242,512,207
12/31/2018,10551,7277,665,249
1/1/2019,10937,7515,620,251
1/2/2019,9095,6039,800,205
1/3/2019,1805,1295,99,45
1/4/2019,29176,20808,1215,681
1/5/2019,4684,3431,218,122
1/6/2019,21642,15753,356,523
1/7/2019,5751,3993,390,146
1/8/2019,7934,5639,758,199
1/9/2019,11385,8182,494,286
1/10/2019,1778,1225,162,47
1/11/2019,4766,3359,383,117
1/12/2019,6527,4521,414,155
1/13/2019,10433,7277,682,253
1/14/2019,5956,4182,389,145
1/15/2019,5311,3813,358,139
1/16/2019,1556,1095,58,36
1/17/2019,5918,4090,350,141
1/18/2019,3928,2868,171,102
1/19/2019,1318,920,23,30
1/20/2019,5473,4280,105,157
1/21/2019,8603,5989,622,205
1/22/2019,4750,3434,245,122
1/23/2019,10434,7586,434,272
1/24/2019,0,0,0,0
1/25/2019,14087,10107,576,350
1/26/2019,15202,10776,440,343
1/27/2019,17939,12890,216,412
1/28/2019,5738,4094,258,141
1/29/2019,4860,3423,219,114
1/30/2019,2791,1938,84,67
1/31/2019,9891,7070,356,250
2/1/2019,11570,8306,463,299
2/2/2019,12026,8819,865,328
2/3/2019,53,34,0,2
2/4/2019,11653,8175,419,278
2/5/2019,5989,4385,289,150
2/6/2019,9444,7311,54,249
2/7/2019,3761,2709,243,94
2/8/2019,14976,10834,626,373
2/9/2019,3231,2484,76,95
2/10/2019,0,0,0,0
2/11/2019,13890,10347,854,379
2/12/2019,1745,1290,26,48
2/13/2019,8975,6901,220,233
2/14/2019,11950,8738,472,312
2/15/2019,13624,10133,659,357
2/16/2019,19299,13717,417,444
2/17/2019,23412,16717,509,547
2/18/2019,10676,7625,465,257
2/19/2019,3383,2318,230,83
2/20/2019,2737,2078,58,75
2/21/2019,1692,1265,22,46
2/22/2019,7544,5383,356,188
2/23/2019,1219,873,37,30
2/24/2019,11553,8701,813,317
2/25/2019,12452,9033,1355,323
2/26/2019,9380,7335,331,284
2/27/2019,2269,1653,126,59
2/28/2019,9241,6797,426,252
3/1/2019,30526,22261,497,722
3/2/2019,25973,19102,749,638
3/3/2019,11923,8922,356,311
3/4/2019,21917,16428,793,595
3/5/2019,3936,2876,166,96
3/6/2019,9807,7387,378,266
3/7/2019,9447,6852,774,243
3/8/2019,9955,6985,708,238
3/9/2019,11187,8103,377,282
3/10/2019,7292,5092,381,175
3/11/2019,9365,6629,418,230
3/12/2019,12058,8633,963,308
3/13/2019,12122,9212,261,338
3/14/2019,8974,6308,641,221
3/15/2019,22522,16236,336,515
3/16/2019,11359,8094,570,257
3/17/2019,10055,7046,573,236
3/18/2019,20455,14875,572,486
3/19/2019,11491,7936,931,268
3/20/2019,8526,6269,248,220
3/21/2019,13164,10246,348,387
3/22/2019,8293,5948,301,202
3/23/2019,11166,8325,172,285
3/24/2019,0,0,0,0
3/25/2019,6955,5191,156,186
3/26/2019,10176,7702,304,286
3/27/2019,14546,10597,513,381
3/28/2019,9013,6983,250,264
3/29/2019,10031,7714,310,295
3/30/2019,8980,6496,427,234
3/31/2019,6940,4962,344,181
4/1/2019,2474,1708,82,56
4/2/2019,9711,6932,531,240
4/3/2019,6419,4746,443,171
4/4/2019,2148,1490,170,52
4/5/2019,10353,7370,1117,262
4/6/2019,13815,10971,2953,466
4/7/2019,3127,2073,200,71
4/8/2019,9157,6332,478,214
4/9/2019,13611,10029,406,346
4/10/2019,9869,6884,510,236
4/11/2019,2421,1726,184,59
4/12/2019,1280,912,24,33
4/13/2019,8453,5868,547,207
4/14/2019,6624,5766,3451,281
4/15/2019,7286,4933,603,173
4/16/2019,7313,5425,218,193
4/17/2019,9048,6333,1404,237
4/18/2019,18547,13908,517,496
4/19/2019,20401,14667,276,467
4/20/2019,15028,10555,172,337
4/21/2019,30382,22422,256,754
4/22/2019,23829,17416,859,582
4/23/2019,7037,5105,336,179
4/24/2019,7952,6148,131,231
4/25/2019,4801,3277,285,117
4/26/2019,10577,7525,640,265
4/27/2019,1360,879,153,30
4/28/2019,6830,4886,619,180
4/29/2019,8262,5654,1075,201
4/30/2019,6053,4524,409,169
5/1/2019,8666,6779,191,238
5/2/2019,1718,1110,130,40
5/3/2019,8502,6217,473,233
5/4/2019,3300,2279,216,80
5/5/2019,10093,7011,614,246
5/6/2019,11186,7914,546,271
5/7/2019,13892,9832,1152,347
5/8/2019,4487,3152,337,114
5/9/2019,2009,1303,169,47
5/10/2019,2506,1758,193,62
5/11/2019,8194,6001,935,226
5/12/2019,9059,6418,641,229
5/13/2019,8123,6716,3064,310
5/14/2019,7416,5144,1034,181
5/15/2019,7737,5676,419,206
5/16/2019,11177,8691,194,310
5/17/2019,12242,9365,288,356
5/18/2019,7889,5497,551,193
5/19/2019,10354,7457,739,262
5/20/2019,2540,1664,204,60
5/21/2019,9344,6534,692,227
5/22/2019,10857,8552,309,336
5/23/2019,8186,5592,875,195
5/24/2019,6404,4392,177,250
5/25/2019,10495,7557,412,272
5/26/2019,12853,10287,4405,458
5/27/2019,2849,1868,365,70
5/28/2019,12215,8861,654,307
5/29/2019,4065,2881,248,107
5/30/2019,7143,5031,397,171
5/31/2019,2701,1841,154,62
6/1/2019,9280,6445,754,224
6/2/2019,12830,10386,3801,465
6/3/2019,8382,6477,238,249
6/4/2019,9773,6914,630,240
6/5/2019,10074,7235,326,238
6/6/2019,2276,1494,166,53
6/7/2019,4553,3315,136,110
6/8/2019,19479,14124,772,497
6/9/2019,14295,10426,450,374
6/10/2019,7550,6069,97,231
6/11/2019,8012,5612,562,194
6/12/2019,17709,13504,2334,523
6/13/2019,11018,7738,604,272
6/14/2019,7934,5919,229,215
6/15/2019,10819,7455,349,242
6/16/2019,19384,13933,190,447
6/17/2019,4300,3117,128,109
6/18/2019,6712,4589,243,153
6/19/2019,8164,5396,571,179
6/20/2019,10398,7555,379,263
6/21/2019,6358,4686,307,162
6/22/2019,8166,5931,1260,225
6/23/2019,7470,5084,497,165
6/24/2019,8302,6322,268,224
6/25/2019,8868,6510,292,217
6/26/2019,1999,1314,88,44
6/27/2019,7229,4905,562,169
6/28/2019,7848,5821,455,213
6/29/2019,8955,6188,419,201
6/30/2019,8210,5803,253,189
7/1/2019,4847,3337,252,109
7/2/2019,2271,1515,150,52
7/3/2019,10025,7411,444,260
7/4/2019,10453,7404,726,264
7/5/2019,3418,2379,241,85
7/6/2019,9694,6970,390,250
7/7/2019,9607,6939,377,231
7/8/2019,7005,5140,319,180
7/9/2019,5377,3946,175,142
7/10/2019,4479,3356,93,122
7/11/2019,10829,7720,996,275
7/12/2019,8698,6599,270,243
7/13/2019,10019,6999,383,242
7/14/2019,1045,694,25,22
7/15/2019,3391,2474,180,87
7/16/2019,2731,2032,55,68
7/17/2019,4963,3667,138,128
7/18/2019,14142,10238,426,357
7/19/2019,5739,4094,587,146
7/20/2019,8073,5690,337,198
7/21/2019,8866,6469,363,232
7/22/2019,13392,9804,521,352
7/23/2019,15964,11924,338,394
7/24/2019,6875,4617,703,155
7/25/2019,8287,6277,141,216
7/26/2019,15629,11104,1040,372
7/27/2019,25209,17715,766,575
7/28/2019,9637,6426,516,214
7/29/2019,21233,15732,174,510
7/30/2019,23896,16804,384,525
7/31/2019,21769,15202,477,486
8/1/2019,12326,8983,724,324
8/2/2019,10161,7207,513,260
8/3/2019,11322,7868,781,280
8/4/2019,13935,9688,530,322
8/5/2019,5846,3899,454,131
8/6/2019,8212,5632,504,188
8/7/2019,9077,6273,395,218
8/8/2019,7702,5269,308,174
8/9/2019,20895,14599,450,480
8/10/2019,7794,5230,595,172
8/11/2019,9756,6544,630,216
8/12/2019,8114,5498,533,194
8/13/2019,4107,3016,74,104
8/14/2019,11765,8265,709,287
8/15/2019,8472,5761,484,192
8/16/2019,6528,4830,246,182
8/17/2019,7766,5262,478,180
8/18/2019,7860,5308,617,182
8/19/2019,10462,7502,373,259
8/20/2019,16773,11737,166,377
8/21/2019,6531,4377,158,138
8/22/2019,4018,2749,128,86
8/23/2019,16446,11686,239,384
8/24/2019,10440,7244,144,227
8/25/2019,12626,9036,153,293
8/26/2019,7919,5520,630,189
8/27/2019,22259,15739,665,510
8/28/2019,30448,22104,964,728
8/29/2019,10783,7216,183,227
8/30/2019,20871,14776,515,477
8/31/2019,10005,7143,131,232
9/1/2019,8498,5924,764,203
9/2/2019,8061,5409,568,179
9/3/2019,12019,8357,750,278
9/4/2019,4771,3372,256,112
9/5/2019,10819,7518,815,260
9/6/2019,2825,1910,164,67
9/7/2019,10103,7099,1028,256
9/8/2019,9402,6589,686,238
9/9/2019,10081,7304,468,256
9/10/2019,3550,2382,156,82
9/11/2019,7171,4855,515,171
9/12/2019,1066,798,31,29
9/13/2019,1635,1057,84,34
9/14/2019,0,0,0,0
9/15/2019,17573,12094,832,398
9/16/2019,12705,8810,647,299
9/17/2019,2940,2190,65,81
9/18/2019,3185,2211,120,79
9/19/2019,6914,4969,426,179
9/20/2019,9528,6540,717,220
9/21/2019,10076,6965,736,237
9/22/2019,11509,8442,332,288
9/23/2019,6987,4698,660,165
9/24/2019,6959,4751,518,169
9/25/2019,6040,4072,425,144
9/26/2019,12974,9206,696,322
9/27/2019,2464,1744,238,66
9/28/2019,10887,7497,721,258
9/29/2019,7710,5319,609,186
9/30/2019,4187,3137,121,115
10/1/2019,7103,5134,618,188
10/2/2019,7573,5187,511,181
10/3/2019,7209,4816,576,157
10/4/2019,4196,3004,392,120
10/5/2019,9386,6471,504,217
10/6/2019,6356,4759,313,167
10/7/2019,7139,5182,305,181
10/8/2019,8763,6269,186,220
10/9/2019,10314,7154,823,249
10/10/2019,8784,6590,367,242
10/11/2019,7494,5318,418,181
10/12/2019,7628,5183,623,179
10/13/2019,7076,4908,456,170
10/14/2019,13518,9730,724,348
10/15/2019,4318,2923,303,102
10/16/2019,13996,10019,551,354
10/17/2019,3799,2570,304,91
10/18/2019,6401,4357,245,152
10/19/2019,2842,1918,274,70
10/20/2019,9281,6320,601,218
10/21/2019,10315,6958,730,238
10/22/2019,10128,7026,578,240
10/23/2019,5551,3902,277,137
10/24/2019,10485,7737,395,273
10/25/2019,7046,5220,144,176
10/26/2019,9909,7053,981,261
10/27/2019,14098,9886,573,342
10/28/2019,10299,7913,1052,308
10/29/2019,10266,7003,447,238
10/30/2019,11638,8412,436,288
10/31/2019,2269,1532,147,56
11/1/2019,5526,3966,283,136
11/2/2019,11300,7683,913,256
11/3/2019,12929,9088,555,315
11/4/2019,6407,4853,310,181
11/5/2019,6769,4791,281,164
11/6/2019,2687,1899,140,69
11/7/2019,863,558,140,26
11/8/2019,13100,9178,778,325
11/9/2019,9088,6238,527,212
11/10/2019,11640,8111,559,279
11/11/2019,6584,4746,351,171
11/12/2019,4105,2956,196,111
11/13/2019,16251,11547,633,403
11/14/2019,11271,7841,594,269
11/15/2019,2320,1672,232,63
11/16/2019,4570,3121,404,112
11/17/2019,10391,7151,628,236
11/18/2019,7676,5558,253,202
11/19/2019,5748,4180,486,162
11/20/2019,2605,1849,163,69
11/21/2019,11112,7763,972,281
11/22/2019,3691,2761,957,116
11/23/2019,8670,6028,588,211
11/24/2019,12548,8388,992,279
11/25/2019,7884,5527,380,188
11/26/2019,5718,3962,449,140
11/27/2019,6570,4869,262,179
11/28/2019,7477,5109,464,168
11/29/2019,3561,2471,181,91
11/30/2019,9637,6750,661,231
12/1/2019,689,445,98,19
12/2/2019,8782,5945,684,197
12/3/2019,11100,7960,541,279
12/4/2019,10366,7058,878,244
12/5/2019,7072,5009,284,170
12/6/2019,2303,1649,64,59
12/7/2019,1353,906,135,38
12/8/2019,9743,7545,110,263
12/9/2019,12201,8439,502,283
12/10/2019,9283,6382,467,214
12/11/2019,13363,9147,964,310
12/12/2019,3063,2108,223,71
12/13/2019,10501,7785,544,274
12/14/2019,16798,11981,452,393
12/15/2019,20192,14535,411,482
12/16/2019,22258,15920,822,524
12/17/2019,4242,3060,218,110
12/18/2019,10193,7430,392,264
12/19/2019,8593,5756,953,199
12/20/2019,4733,3194,309,107
12/21/2019,9650,6625,858,224
12/22/2019,8215,5535,463,184
12/23/2019,3685,2595,290,93
12/24/2019,1132,750,103,29
12/25/2019,1540,1008,131,35
12/26/2019,8259,5957,309,213
12/27/2019,7755,5440,642,184
12/28/2019,24003,16822,333,530
12/29/2019,25246,17441,590,550
12/30/2019,15295,11102,408,369
12/31/2019,2093,1362,195,49
1/1/2020,9927,6794,519,236
1/2/2020,25094,18562,1417,649
1/3/2020,15225,10853,623,372
1/4/2020,18389,13449,590,452
1/5/2020,17264,11999,1019,396
1/6/2020,8408,5810,484,198
1/7/2020,8419,5753,328,181
1/8/2020,5013,3486,390,123
1/9/2020,2870,1908,174,66
1/10/2020,10160,7749,181,259
1/11/2020,11940,8964,321,294
1/12/2020,9756,6700,619,220
1/13/2020,11308,7879,1071,278
1/14/2020,4952,3567,222,130
1/15/2020,1881,1367,37,48
1/16/2020,4626,3233,686,113
1/17/2020,3456,2421,204,86
1/18/2020,691,448,48,17
1/19/2020,8308,5662,977,193
1/20/2020,9974,6755,759,225
1/21/2020,4815,3478,1337,144
1/22/2020,8249,6285,194,232
1/23/2020,5052,3458,310,115
1/24/2020,1441,931,112,34
1/25/2020,11246,8590,202,292
1/26/2020,9607,6576,678,227
1/27/2020,6581,4583,824,155
1/28/2020,2480,1647,260,58
1/29/2020,8430,5836,421,200
1/30/2020,12381,8549,683,284
1/31/2020,8678,6347,176,224
2/1/2020,1473,1017,147,36
2/2/2020,8936,6053,868,204
2/3/2020,10061,7040,723,247
2/4/2020,6361,4557,372,161
2/5/2020,6456,4767,340,177
2/6/2020,4681,3333,178,118
2/7/2020,7922,5991,105,200
2/8/2020,6470,4328,501,139
2/9/2020,9012,6167,538,207
2/10/2020,8896,6482,353,231
2/11/2020,2149,1547,129,55
2/12/2020,10525,7445,656,256
2/13/2020,10985,9161,4770,438
2/14/2020,11345,8062,565,281
2/15/2020,2580,1731,271,60
2/16/2020,9038,6060,561,198
2/17/2020,7874,6310,3208,295
2/18/2020,3347,2400,98,83
2/19/2020,2340,1668,100,59
2/20/2020,5085,3623,269,128
2/21/2020,7991,5731,1267,209
2/22/2020,10862,7553,504,259
2/23/2020,7667,5061,577,175
2/24/2020,8624,5939,487,207
2/25/2020,10422,7135,607,233
2/26/2020,10574,7551,418,255
2/27/2020,3678,2575,256,97
2/28/2020,290,187,49,8
2/29/2020,9879,7038,475,239
3/1/2020,16030,11733,142,387
3/2/2020,8018,5793,538,204
3/3/2020,6619,4662,285,164
3/4/2020,7094,5011,151,178
3/5/2020,8793,6461,281,230
3/6/2020,8251,5854,354,199
3/7/2020,10404,7984,222,267
3/8/2020,445,288,69,12
3/9/2020,6714,4706,223,162
3/10/2020,9894,6860,594,242
3/11/2020,13369,9962,495,351
3/12/2020,10908,7499,628,249
3/13/2020,9717,6687,735,229
3/14/2020,5487,3663,650,118
3/15/2020,8465,5566,825,190
3/16/2020,7812,5328,393,182
3/17/2020,3513,2492,195,85
3/18/2020,6326,4474,309,156
3/19/2020,9415,6506,769,218
3/20/2020,8694,6166,260,203
3/21/2020,7636,5991,2660,269
3/22/2020,8741,5898,485,198
3/23/2020,3996,2753,250,98
3/24/2020,6798,4537,498,153
3/25/2020,10691,7613,753,261
3/26/2020,7427,5108,857,181
3/27/2020,2519,1693,154,56
3/28/2020,998,645,68,25
3/29/2020,6838,4502,405,144
3/30/2020,10034,6862,875,232
3/31/2020,9920,6858,531,225
4/1/2020,2927,1981,320,75
4/2/2020,2734,1878,176,69
4/3/2020,2306,1555,69,55
4/4/2020,9290,6210,718,203
4/5/2020,7911,5324,564,177
4/6/2020,7535,5043,575,163
4/7/2020,2299,1533,137,49
4/8/2020,13651,10641,3774,455
4/9/2020,9995,7652,175,267
4/10/2020,10085,7819,138,266
4/11/2020,1576,1043,142,36
4/12/2020,9451,7328,154,248
4/13/2020,5696,4955,3810,269
4/14/2020,4081,2664,310,100
4/15/2020,1656,1070,170,39
4/16/2020,2812,1878,201,70
4/17/2020,7960,6728,4229,348
4/18/2020,3040,2089,385,81
4/19/2020,4385,2925,395,96
4/20/2020,8760,6021,1026,208
4/21/2020,10300,7744,356,269
4/22/2020,4908,3588,96,135
4/23/2020,5218,3459,309,122
4/24/2020,8387,5647,626,192
4/25/2020,3462,2368,331,84
4/26/2020,10243,6956,504,233
4/27/2020,9921,6809,735,235
4/28/2020,8042,5584,374,188
4/29/2020,3208,2201,292,70
4/30/2020,1237,800,146,33
5/1/2020,2263,1491,136,53
5/2/2020,8791,5989,711,205
5/3/2020,9149,6287,733,218
5/4/2020,7248,4939,802,171
5/5/2020,5036,3519,492,125
5/6/2020,7735,5365,499,185
5/7/2020,2534,1771,169,68
5/8/2020,7144,4829,620,174
5/9/2020,7053,4750,368,161
5/10/2020,8820,6067,565,209
5/11/2020,3582,2616,162,95
5/12/2020,9219,7068,176,245
5/13/2020,7805,5219,726,171
5/14/2020,2871,1917,526,67
5/15/2020,10195,7012,1192,241
5/16/2020,1763,1140,159,43
5/17/2020,6429,4305,569,148
5/18/2020,3929,2690,505,92
5/19/2020,8874,6171,458,205
5/20/2020,3358,2295,167,74
5/21/2020,4609,3045,353,105
5/22/2020,7722,6083,2309,264
5/23/2020,7234,4887,350,162
5/24/2020,7930,5305,682,172
5/25/2020,9923,6825,826,227
5/26/2020,7442,6184,3053,284
5/27/2020,2306,1555,305,62
5/28/2020,3346,2181,372,78
5/29/2020,9217,7328,2578,306
5/30/2020,9130,6216,590,212
5/31/2020,7088,4689,554,160
6/1/2020,11182,7499,780,244
6/2/2020,4198,2756,345,95
6/3/2020,5498,3929,355,132
6/4/2020,3489,2304,166,77
6/5/2020,9785,7379,170,247
6/6/2020,63,41,0,2
6/7/2020,0,0,0,0
6/8/2020,0,0,0,0
6/9/2020,153,99,9,4
6/10/2020,0,0,0,0
6/11/2020,0,0,0,0
6/12/2020,0,0,0,0
6/13/2020,7790,5163,575,164
6/14/2020,6156,4166,453,142
6/15/2020,8833,6843,2218,279
6/16/2020,3019,2227,138,82
6/17/2020,11576,8656,2211,346
6/18/2020,4097,2688,221,90
6/19/2020,7103,4862,301,161
6/20/2020,8835,6013,624,198
6/21/2020,7465,4988,542,164
6/22/2020,9415,6390,556,213
6/23/2020,2623,1728,231,58
6/24/2020,145,94,24,4
6/25/2020,10093,7422,257,255
6/26/2020,2672,1746,165,60
6/27/2020,15661,11659,2724,450
6/28/2020,6730,4465,473,152
6/29/2020,10088,6984,595,232
6/30/2020,7257,5839,2136,256
7/1/2020,3382,2374,238,87
7/2/2020,6161,5257,3075,264
7/3/2020,8266,5752,415,193
7/4/2020,6441,4246,763,147
7/5/2020,5967,4055,393,141
7/6/2020,2163,1425,167,49
7/7/2020,2297,1520,192,51
7/8/2020,1154,746,108,25
7/9/2020,9316,7078,249,241
7/10/2020,1349,926,62,34
7/11/2020,5282,4532,2849,236
7/12/2020,1130,738,160,30
7/13/2020,8962,6164,788,213
7/14/2020,6041,4535,597,163
7/15/2020,542,350,32,13
7/16/2020,2873,1911,140,66
7/17/2020,1085,701,119,27
7/18/2020,6976,4735,523,153
7/19/2020,7955,5339,586,179
7/20/2020,12171,8591,682,280
7/21/2020,1954,1296,93,44
7/22/2020,3135,2053,166,73
7/23/2020,2492,1666,247,61
7/24/2020,6233,4456,379,152
7/25/2020,6958,4669,676,158
7/26/2020,9690,6628,1114,224
7/27/2020,3675,2512,233,86
7/28/2020,1595,1046,149,38
7/29/2020,6531,4491,1054,149
7/30/2020,10981,7477,218,257
7/31/2020,8228,5531,421,174
8/1/2020,7254,4941,680,165
8/2/2020,8865,5991,764,192
8/3/2020,8648,5898,579,201
8/4/2020,3136,2256,406,75
8/5/2020,1762,1222,98,44
8/6/2020,2213,1528,134,54
8/7/2020,6532,4544,595,152
8/8/2020,3172,2091,189,71
8/9/2020,7408,5078,452,158
8/10/2020,8456,5724,517,182
8/11/2020,7792,5664,220,191
8/12/2020,7789,5532,443,189
8/13/2020,1968,1380,96,45
8/14/2020,7575,5093,855,174
8/15/2020,7874,5344,775,181
8/16/2020,6885,4703,641,166
8/17/2020,6640,4522,587,143
8/18/2020,8053,5523,399,184
8/19/2020,6604,4434,342,144
8/20/2020,4985,3603,309,128
8/21/2020,699,452,98,19
8/22/2020,14422,10203,355,355
8/23/2020,1542,1117,57,39
8/24/2020,756,489,66,22
8/25/2020,3823,2747,193,98
8/26/2020,1025,663,116,23
8/27/2020,16064,11995,458,410
8/28/2020,587,379,85,21
8/29/2020,360,233,40,12
8/30/2020,481,311,50,15
8/31/2020,389,251,40,9
9/1/2020,665,430,62,19
9/2/2020,746,482,119,19
9/3/2020,434,281,65,13
9/4/2020,989,639,121,26
9/5/2020,1261,831,101,31
9/6/2020,1097,713,163,32
9/7/2020,531,343,48,13
9/8/2020,5173,3876,139,136
9/9/2020,3548,2468,299,87
9/10/2020,6006,4732,91,163
9/11/2020,13826,9991,930,338
9/12/2020,10553,7776,225,255
9/13/2020,1027,664,134,27
9/14/2020,2784,2006,72,71
9/15/2020,4506,3116,303,107
9/16/2020,533,345,106,17
9/17/2020,9728,6868,614,234
9/18/2020,5685,4364,241,153
9/19/2020,513,332,57,14
9/20/2020,1992,1327,164,51
9/21/2020,970,627,175,29
9/22/2020,4976,3464,233,121
9/23/2020,457,295,81,15
9/24/2020,4105,2939,197,106
9/25/2020,4933,3596,92,123
9/26/2020,18298,13070,603,434
9/27/2020,932,606,129,26
9/28/2020,414,268,70,13
9/29/2020,4022,2804,261,99
9/30/2020,15605,11831,358,396
10/1/2020,3473,2451,115,87
10/2/2020,5282,3839,188,137
10/3/2020,9992,7385,248,253
10/4/2020,2335,1659,146,58
10/5/2020,8271,6283,191,215
10/6/2020,7184,5159,197,174
10/7/2020,575,372,38,15
10/8/2020,644,416,105,20
10/9/2020,7371,5566,271,198
10/10/2020,1813,1279,213,44
10/11/2020,7973,5967,95,205
10/12/2020,10853,8516,204,296
10/13/2020,8525,6429,395,222
10/14/2020,7590,5546,238,189
10/15/2020,28293,21473,485,724
10/16/2020,2219,1649,144,61
10/17/2020,2039,1479,139,51
10/18/2020,4901,3714,58,126
10/19/2020,647,418,108,20
10/20/2020,8568,6493,219,221
10/21/2020,3275,2295,203,75
10/22/2020,4161,3001,129,105
10/23/2020,10213,7568,445,265
10/24/2020,327,211,51,10
10/25/2020,315,204,51,9
10/26/2020,534,345,67,13
10/27/2020,3679,2524,134,84
10/28/2020,612,396,76,17
10/29/2020,9458,6882,389,230
10/30/2020,13820,10516,507,361
10/31/2020,2610,1852,110,66
11/1/2020,11408,8276,424,286
11/2/2020,5480,4030,385,141
11/3/2020,3003,2068,129,73
11/4/2020,254,164,31,9
11/5/2020,923,597,136,27
11/6/2020,7638,5560,118,188
11/7/2020,6912,4771,364,161
11/8/2020,4216,2779,240,92
11/9/2020,7819,5936,187,202
11/10/2020,19232,14278,453,475
11/11/2020,493,319,111,15
11/12/2020,364,235,43,11
11/13/2020,4624,3152,259,108
11/14/2020,322,208,48,9
11/15/2020,361,233,57,12
11/16/2020,5666,3914,239,134
11/17/2020,6686,4919,184,167
11/18/2020,10102,7199,605,247
11/19/2020,6645,4946,261,171
11/20/2020,4697,3492,109,121
11/21/2020,465,301,122,17
11/22/2020,329,213,58,11
11/23/2020,4293,2974,253,105
11/24/2020,383,248,59,11
11/25/2020,3612,2582,163,88
11/26/2020,11009,8222,278,278
11/27/2020,3475,2504,195,88
11/28/2020,2012,1495,111,53
11/29/2020,3157,2344,60,81
11/30/2020,1220,789,115,28
12/1/2020,2830,1879,157,69
12/2/2020,23147,16896,589,564
12/3/2020,12926,8993,309,296
12/4/2020,7781,5574,39,182
12/5/2020,28148,19997,305,665
12/6/2020,6772,4619,160,153
12/7/2020,9072,6445,243,218
12/8/2020,25294,18336,538,604
12/9/2020,9311,6494,487,226
12/10/2020,7470,5100,694,170
12/11/2020,9230,6376,1756,214
12/12/2020,6691,4824,241,166
12/13/2020,6807,5518,1887,240
12/14/2020,1917,1303,72,44
12/15/2020,9003,6759,197,232
12/16/2020,10684,8268,242,284
12/17/2020,4609,3275,185,114
12/18/2020,8845,6353,341,210
12/19/2020,2019,1363,161,51
12/20/2020,774,500,121,23
12/21/2020,3446,2364,194,85
12/22/2020,7873,6165,1600,247
12/23/2020,1474,992,116,38
12/24/2020,3187,2115,322,80
12/25/2020,1407,977,130,36
12/26/2020,2490,1609,277,60
12/27/2020,10065,7615,344,262
12/28/2020,1772,1174,153,43
12/29/2020,1021,660,153,27
12/30/2020,1525,986,127,36
12/31/2020,1721,1143,201,40
1/1/2021,1182,764,133,30
1/2/2021,6252,4634,305,162
1/3/2021,3407,2422,198,86
1/4/2021,3202,2163,233,77
1/5/2021,5298,4242,1862,191
1/6/2021,3867,2591,305,90
1/7/2021,5206,4096,93,142
1/8/2021,6929,5394,2059,230
1/9/2021,2554,1714,224,61
1/10/2021,9866,7682,172,265
1/11/2021,4948,3495,268,121
1/12/2021,613,396,100,15
1/13/2021,6410,5113,1564,212
1/14/2021,6253,4353,278,149
1/15/2021,2718,1831,180,61
1/16/2021,3141,2131,217,73
1/17/2021,6919,5284,723,194
1/18/2021,3138,2225,243,76
1/19/2021,1650,1180,152,45
1/20/2021,3686,2520,376,88
1/21/2021,3201,2225,138,72
1/22/2021,11455,8885,172,301
1/23/2021,2088,1415,168,51
1/24/2021,9047,6749,166,226
1/25/2021,2559,1790,171,65
1/26/2021,3325,2344,237,84
1/27/2021,8091,6405,2524,278
1/28/2021,2155,1454,150,56
1/29/2021,1934,1358,172,47
1/30/2021,11755,8508,195,295
1/31/2021,998,645,128,27
2/1/2021,10712,7796,340,261
2/2/2021,3516,2509,184,83
2/3/2021,3659,2549,139,88
2/4/2021,3680,2611,248,94
2/5/2021,1506,1068,66,39
2/6/2021,1538,997,143,36
2/7/2021,570,384,39,14
2/8/2021,5762,4050,423,133
2/9/2021,8042,5605,378,190
2/10/2021,3209,2242,147,76
2/11/2021,5697,4157,209,138
2/12/2021,2832,2100,66,71
2/13/2021,1407,962,98,33
2/14/2021,5475,4250,115,144
2/15/2021,3732,2563,301,94
2/16/2021,1634,1137,80,39
2/17/2021,2800,1913,168,65
2/18/2021,4344,3225,188,107
2/19/2021,2145,1519,179,52
2/20/2021,3188,2157,226,83
2/21/2021,13862,9265,315,305
2/22/2021,6313,5047,1234,197
2/23/2021,5860,4588,1865,201
2/24/2021,3969,2683,251,93
2/25/2021,6529,4809,252,160
2/26/2021,1835,1283,126,44
2/27/2021,1660,1161,30,37
2/28/2021,1298,839,199,31
3/1/2021,8435,6700,1742,270
3/2/2021,11028,8541,232,284
3/3/2021,7132,5516,1538,227
3/4/2021,9451,7056,123,235
3/5/2021,1763,1191,190,45
3/6/2021,1252,818,136,32
3/7/2021,8935,6860,88,231
3/8/2021,7680,5778,2043,249
3/9/2021,4608,3234,150,107
3/10/2021,2493,1650,204,56
3/11/2021,7272,5144,293,181
3/12/2021,1781,1211,104,38
3/13/2021,1606,1106,25,39
3/14/2021,4315,3152,105,104
3/15/2021,3591,2482,268,86
3/16/2021,1977,1402,131,46
3/17/2021,9323,6919,264,229
3/18/2021,5279,3907,144,132
3/19/2021,698,453,86,15
3/20/2021,11843,8330,1156,270
3/21/2021,0,0,0,0
3/22/2021,9808,7429,249,254
3/23/2021,1137,780,58,28
3/24/2021,2205,1589,78,54
3/25/2021,3490,2328,442,77
3/26/2021,6900,4881,339,160
3/27/2021,1254,883,87,29
3/28/2021,1528,1080,76,35
3/29/2021,10028,7800,2042,311
3/30/2021,6947,4948,96,167
3/31/2021,8445,5834,411,195
4/1/2021,3417,2403,117,76
4/2/2021,4068,2811,223,100
4/3/2021,4405,3062,167,102
4/4/2021,738,502,92,16
4/5/2021,2458,1757,160,56
4/6/2021,1172,819,46,29
4/7/2021,2696,1903,85,62
4/8/2021,2302,1645,65,53
4/9/2021,4923,3500,284,116
4/10/2021,9018,6647,376,222
4/11/2021,12286,8891,498,295
4/12/2021,7216,5562,77,183
4/13/2021,5818,4566,109,158
4/14/2021,5040,4044,15,137
4/15/2021,4936,3717,31,125
4/16/2021,15368,11598,278,385
4/17/2021,599,422,30,15
4/18/2021,4154,3072,102,104
4/19/2021,5789,4554,33,154
4/20/2021,9926,7825,139,265
4/21/2021,6493,5115,126,180
4/22/2021,5128,3950,103,135
4/23/2021,6857,5349,129,184
4/24/2021,5029,3931,126,132
4/25/2021,7711,5814,160,197
4/26/2021,6681,5041,183,168
4/27/2021,6939,5376,144,183
4/28/2021,263,170,44,7
4/29/2021,4493,3600,30,122
4/30/2021,2853,2063,100,72
5/1/2021,14603,9955,514,331
5/2/2021,7744,5073,193,161
5/3/2021,11519,7843,458,267
5/4/2021,5397,4151,151,140
5/5/2021,351,227,70,11
5/6/2021,887,573,94,20
5/7/2021,5276,4091,157,142
5/8/2021,234,151,23,6
5/9/2021,7070,5415,149,189
5/10/2021,5592,4321,120,146
5/11/2021,793,513,156,26
5/12/2021,14931,11324,296,384
5/13/2021,26435,19110,322,627
5/14/2021,9611,6787,386,228
5/15/2021,7359,5604,108,190
5/16/2021,1211,783,165,32
5/17/2021,2773,1934,295,68
5/18/2021,2410,1687,188,61
5/19/2021,5720,4261,148,145
5/20/2021,7050,5413,2368,234
5/21/2021,10762,7750,473,280
5/22/2021,12470,9612,204,341
5/23/2021,17991,12369,225,428
5/24/2021,4119,3467,2121,178
5/25/2021,9046,7001,1882,292
5/26/2021,6304,4897,160,177
5/27/2021,5582,4440,2143,215
5/28/2021,1969,1370,153,60
5/29/2021,3421,2943,2108,163
5/30/2021,992,661,139,34
5/31/2021,5988,5016,2621,246
6/1/2021,10016,7918,2092,329
6/2/2021,9108,6945,230,666
6/3/2021,530,343,130,22
6/4/2021,6837,5169,154,503
6/5/2021,1528,1051,123,48
6/6/2021,6980,5442,2069,250
6/7/2021,4919,4193,2041,200
6/8/2021,2458,1707,181,72
6/9/2021,8214,5988,477,376
6/10/2021,7031,4963,281,184
6/11/2021,3259,2199,354,245
6/12/2021,594,384,72,19
6/13/2021,8119,6340,146,429
6/14/2021,11499,8584,253,430
6/15/2021,11304,8657,296,474
6/16/2021,4995,3539,414,236
6/17/2021,1495,1047,136,47
6/18/2021,4040,2926,150,300
6/19/2021,7344,5333,331,432
6/20/2021,4844,4141,2675,225
6/21/2021,13591,10147,294,357
6/22/2021,7123,5125,263,261
6/23/2021,33213,24713,384,838
6/24/2021,36135,27296,160,910
6/25/2021,3409,2267,278,90
6/26/2021,1706,1189,224,58
6/27/2021,2326,1623,152,617
6/28/2021,3868,2651,250,101
6/29/2021,5107,3647,124,255
6/30/2021,1602,1099,167,53
7/1/2021,2819,1945,190,77
7/2/2021,1939,1280,148,319
7/3/2021,7580,6672,4727,360
7/4/2021,1363,881,255,355
7/5/2021,2522,1724,300,77
7/6/2021,7130,5188,384,770
7/7/2021,9289,6724,266,235
7/8/2021,9950,8401,4796,418
7/9/2021,7299,6198,4309,326
7/10/2021,4723,3383,371,127
7/11/2021,5484,3986,193,154
7/12/2021,6906,4830,340,183
7/13/2021,7000,5966,4067,317
7/14/2021,3093,2343,220,91
7/15/2021,2936,2084,154,77
7/16/2021,7482,5351,405,199
7/17/2021,6220,4400,531,174
7/18/2021,6995,6415,5390,378
7/19/2021,3973,2646,381,112
7/20/2021,2677,1793,321,75
7/21/2021,2373,1690,207,70
7/22/2021,1284,910,116,43
7/23/2021,12287,9000,301,313
7/24/2021,22921,16588,136,562
7/25/2021,487,315,107,21
7/26/2021,2737,1842,245,208
7/27/2021,12839,9303,334,328
7/28/2021,7105,5330,198,186
7/29/2021,147,95,42,9
7/30/2021,16316,13078,5041,580
7/31/2021,3744,2557,247,96
8/1/2021,6945,6063,4659,333
8/2/2021,3614,2482,254,288
8/3/2021,2626,1823,198,68
8/4/2021,7301,5330,151,189
8/5/2021,8423,6556,114,230
8/6/2021,2498,1766,183,73
8/7/2021,2854,1968,313,82
8/8/2021,7459,6768,5504,388
8/9/2021,3299,2245,265,271
8/10/2021,6638,5016,178,177
8/11/2021,5869,4457,106,159
8/12/2021,3315,2303,180,88
8/13/2021,1072,733,107,32
8/14/2021,8051,7271,5818,416
8/15/2021,4843,3377,352,137
8/16/2021,6306,4790,284,175
8/17/2021,1446,1005,176,43
8/18/2021,10739,8249,272,1059
8/19/2021,82,53,28,5
8/20/2021,7845,7035,5589,396
8/21/2021,2105,1413,261,67
8/22/2021,224,145,76,11
8/23/2021,4279,2971,256,118
8/24/2021,1304,920,121,38
8/25/2021,13652,11790,6944,601
8/26/2021,3623,2451,253,104
8/27/2021,2538,1778,199,78
8/28/2021,1587,1077,146,48
8/29/2021,2155,1421,165,207
8/30/2021,1218,851,121,43
8/31/2021,10598,9650,7811,556
9/1/2021,10541,7986,87,277
9/2/2021,10358,7663,135,680
9/3/2021,2514,1741,203,76
9/4/2021,1755,1200,196,56
9/5/2021,8845,6957,133,244
9/6/2021,9052,8416,7252,491
9/7/2021,3325,2335,318,588
9/8/2021,1237,881,126,39
9/9/2021,10393,9389,7682,530
9/10/2021,2096,1444,281,65
9/11/2021,7245,5551,258,543
9/12/2021,1806,1205,265,54
9/13/2021,3272,2461,163,99
9/14/2021,21436,16031,832,555
9/15/2021,12578,9722,149,332
9/16/2021,1522,1071,157,51
9/17/2021,3841,2685,206,107
9/18/2021,2207,1636,192,69
9/19/2021,9883,7761,197,276
9/20/2021,4002,2746,408,124
9/21/2021,2254,1560,111,63
9/22/2021,8162,6254,207,257
9/23/2021,3968,2749,362,111
9/24/2021,2170,1566,237,68
9/25/2021,9857,7345,137,261
9/26/2021,620,401,166,26
9/27/2021,9167,6747,188,241
9/28/2021,5995,4750,145,172
9/29/2021,3147,2316,226,98
9/30/2021,3603,2661,218,101
10/1/2021,7561,5543,279,202
10/2/2021,1528,1067,101,47
10/3/2021,825,533,138,31
10/4/2021,4469,3239,177,115
10/5/2021,7475,5685,170,206
10/6/2021,2378,1738,126,66
10/7/2021,6812,4937,404,193
10/8/2021,10836,8134,148,279
10/9/2021,8873,6766,169,243
10/10/2021,3357,2751,136,105
10/11/2021,3725,2816,196,106
10/12/2021,3383,2501,169,102
10/13/2021,1782,1304,211,53
10/14/2021,6961,4740,263,179
10/15/2021,8577,6449,256,227
10/16/2021,4154,3079,107,115
10/17/2021,643,416,117,21
10/18/2021,8870,6599,234,237
10/19/2021,3253,2432,135,89
10/20/2021,2893,2016,135,79
10/21/2021,6248,4641,177,168
10/22/2021,3127,2369,96,90
10/23/2021,10896,8348,204,296
10/24/2021,7081,5136,266,416
10/25/2021,6307,4798,92,174
10/26/2021,3204,2428,211,98
10/27/2021,2144,1490,282,155
10/28/2021,1147,827,133,41
10/29/2021,4144,3046,160,112
10/30/2021,3522,2410,255,98
10/31/2021,8504,6791,138,241
11/1/2021,2426,1669,158,67
11/2/2021,1402,1005,140,45
11/3/2021,13774,10650,173,374
11/4/2021,1321,956,144,38
11/5/2021,1407,945,131,39
11/6/2021,1335,863,249,49
11/7/2021,2123,1387,265,62
11/8/2021,1494,1045,99,48
11/9/2021,10126,7844,157,280
11/10/2021,433,280,94,19
11/11/2021,14054,10360,461,370
11/12/2021,4293,3061,95,108
11/13/2021,9285,7225,131,249
11/14/2021,2557,1689,237,73
11/15/2021,2233,1575,127,66
11/16/2021,1891,1314,198,59
11/17/2021,10593,7664,223,745
11/18/2021,1428,986,166,47
11/19/2021,2499,1770,168,66
11/20/2021,5749,4275,241,159
11/21/2021,5054,3865,126,141
11/22/2021,6777,5056,218,597
11/23/2021,2290,1641,120,61
11/24/2021,1111,813,54,35
11/25/2021,2485,1731,126,67
11/26/2021,6941,5248,784,200
11/27/2021,2399,1669,268,70
11/28/2021,527,341,121,21
11/29/2021,7267,5404,219,194
11/30/2021,355,229,103,20
12/1/2021,5450,4074,175,687
12/2/2021,1256,902,170,46
12/3/2021,4337,3314,165,128
12/4/2021,1496,1022,159,49
12/5/2021,5547,4133,185,155
12/6/2021,1254,908,164,37
12/7/2021,5548,4121,258,156
12/8/2021,1514,1048,168,53
12/9/2021,1595,1108,139,48
12/10/2021,2760,1865,243,72
12/11/2021,1157,809,71,33
12/12/2021,480,310,110,21
12/13/2021,3519,2651,121,100
12/14/2021,2383,1670,133,69
12/15/2021,3726,2671,189,107
12/16/2021,7410,5475,201,198
12/17/2021,4550,3282,277,121
12/18/2021,1170,824,87,35
12/19/2021,3662,2611,275,102
12/20/2021,3954,2783,237,110
12/21/2021,5096,4035,100,143
12/22/2021,507,328,90,21
12/23/2021,4079,2796,265,111
12/24/2021,515,333,110,22
12/25/2021,8727,6748,231,247
12/26/2021,8713,6518,355,226
12/27/2021,1698,1166,136,46
12/28/2021,8577,6527,286,637
12/29/2021,25208,19232,373,650
12/30/2021,15717,11526,1073,397
12/31/2021,8121,5875,214,214
1/1/2022,1727,1116,282,57
1/2/2022,17435,12644,289,436
1/3/2022,6003,4334,260,164
1/4/2022,7021,5596,93,195
1/5/2022,2792,2039,213,87
1/6/2022,14124,10174,479,349
1/7/2022,4448,3407,151,130
1/8/2022,7095,5282,167,189
1/9/2022,7853,5591,130,199
1/10/2022,5161,3650,319,138
1/11/2022,13638,10040,1096,343
1/12/2022,6825,4969,414,179
1/13/2022,10457,7850,173,272
1/14/2022,420,271,131,20
1/15/2022,1275,899,103,40
1/16/2022,964,623,174,39
1/17/2022,5628,4278,112,149
1/18/2022,1509,1079,126,49
1/19/2022,6161,4607,210,171
1/20/2022,4769,3359,581,135
1/21/2022,6160,4428,230,159
1/22/2022,774,500,116,23
1/23/2022,681,440,74,20
1/24/2022,1358,936,124,42
1/25/2022,628,406,77,21
1/26/2022,8293,6550,156,231
1/27/2022,1830,1294,187,54
1/28/2022,8085,5863,473,230
1/29/2022,1369,936,71,38
1/30/2022,519,335,69,18
1/31/2022,3290,2396,325,91
2/1/2022,4547,3195,243,126
2/2/2022,2910,1982,216,72
2/3/2022,1421,1013,119,45
2/4/2022,1290,932,105,36
2/5/2022,9114,7152,153,249
2/6/2022,14456,11265,235,387
2/7/2022,1607,1109,111,44
2/8/2022,5403,3845,170,462
2/9/2022,1134,733,218,43
2/10/2022,2775,1967,232,83
2/11/2022,6242,4446,332,164
2/12/2022,529,342,78,17
2/13/2022,416,269,62,13
2/14/2022,4675,3316,263,466
2/15/2022,2884,2162,99,83
2/16/2022,4087,2964,113,106
2/17/2022,8092,5829,537,215
2/18/2022,1414,982,154,46
2/19/2022,7550,5807,128,200
2/20/2022,244,158,78,11
2/21/2022,2930,2128,195,85
2/22/2022,1403,968,115,42
2/23/2022,9238,7206,248,254
2/24/2022,8621,6393,573,232
2/25/2022,2394,1687,103,66
2/26/2022,1374,957,104,38
2/27/2022,8771,6582,238,242
2/28/2022,4924,3639,173,1320
3/1/2022,621,401,67,24
3/2/2022,1672,1153,134,48
3/3/2022,9320,7320,161,256
3/4/2022,1472,1012,143,47
3/5/2022,509,330,72,18
3/6/2022,13355,10561,141,728
3/7/2022,3680,2691,181,104
3/8/2022,8028,5921,305,216
3/9/2022,4339,2961,219,109
3/10/2022,2379,1679,114,66
3/11/2022,2945,2078,430,81
3/12/2022,9948,7755,130,266
3/13/2022,321,218,42,11
3/14/2022,5800,4172,404,148
3/15/2022,10167,7553,328,745
3/16/2022,3659,2611,211,93
3/17/2022,12220,8744,390,311
3/18/2022,9136,6868,282,533
3/19/2022,2290,1610,244,222
3/20/2022,2269,1595,164,62
3/21/2022,7266,5495,353,200
3/22/2022,10692,8152,316,289
3/23/2022,7309,5259,479,661
3/24/2022,2323,1644,150,60
3/25/2022,5083,3643,430,136
3/26/2022,12264,9503,234,325
3/27/2022,10301,7721,272,265
3/28/2022,23797,18395,466,637
3/29/2022,4337,3151,325,129
3/30/2022,4281,2963,453,121
3/31/2022,15502,11011,519,386
4/1/2022,18263,12840,240,426
4/2/2022,18882,14097,215,482
4/3/2022,11998,9059,117,304
4/4/2022,28614,21517,195,724
4/5/2022,37323,28234,314,942
4/6/2022,9496,6917,185,233
4/7/2022,12862,9172,190,314
4/8/2022,2718,1966,141,79
4/9/2022,15753,11312,293,382
4/10/2022,16401,11682,589,396
4/11/2022,12796,9470,169,324
4/12/2022,7971,5707,391,198
4/13/2022,9059,6731,655,234
4/14/2022,1770,1210,130,56
4/15/2022,9605,7103,222,249
4/16/2022,13189,9561,271,323
4/17/2022,6890,5044,88,177
4/18/2022,14399,10666,472,369
4/19/2022,12282,8976,477,318
4/20/2022,2213,1431,232,60
4/21/2022,3485,2273,329,141
4/22/2022,8584,6164,271,219
4/23/2022,14415,10237,443,358
4/24/2022,1168,755,223,46
4/25/2022,7507,5286,323,187
4/26/2022,4067,2839,234,109
4/27/2022,4476,2971,285,109
4/28/2022,3648,2593,216,98
4/29/2022,3606,2509,132,90
4/30/2022,1439,1024,119,44
5/1/2022,5286,3762,200,138
5/2/2022,3718,2446,193,88
5/3/2022,2240,1451,211,65
5/4/2022,2681,1737,199,66
5/5/2022,2625,1769,224,73
5/6/2022,3556,2496,228,98
5/7/2022,13515,9842,407,332
5/8/2022,1446,935,244,52
5/9/2022,2188,1414,241,68
5/10/2022,6902,5077,274,183
5/11/2022,9670,6813,1426,255
5/12/2022,5655,3946,284,149
5/13/2022,3568,2477,256,94
5/14/2022,1945,1344,194,58
5/15/2022,1208,784,176,41
5/16/2022,3586,2401,172,91
5/17/2022,3588,2344,292,94
5/18/2022,2476,1600,219,59
5/19/2022,4041,2819,272,107
5/20/2022,2115,1375,171,59
5/21/2022,4603,3323,209,123
5/22/2022,14557,10836,359,375
5/23/2022,4715,3405,219,131
5/24/2022,10206,7740,210,277
5/25/2022,10980,7991,1336,295
5/26/2022,19645,14487,216,494
5/27/2022,2833,1838,319,87
5/28/2022,25981,19105,247,652
5/29/2022,23821,17224,393,579
5/30/2022,4980,3526,214,132
5/31/2022,5371,3722,268,140
6/1/2022,5886,4299,161,155
6/2/2022,142,92,24,7
6/3/2022,4393,3203,146,114
6/4/2022,2374,1585,260,63
6/5/2022,21456,15527,314,534
6/6/2022,2334,1693,194,75
6/7/2022,8381,5971,370,206
6/8/2022,1966,1283,131,53
6/9/2022,2316,1497,260,66
6/10/2022,3750,2637,178,101
6/11/2022,22662,16990,658,571
6/12/2022,18833,14265,453,490
6/13/2022,4934,3602,174,127
6/14/2022,4439,3179,211,125
6/15/2022,4607,3234,225,115
6/16/2022,21077,15053,225,503
6/17/2022,4371,3068,362,115
6/18/2022,1749,1142,163,50
6/19/2022,935,604,117,33
6/20/2022,7069,5119,307,184
6/21/2022,7666,5442,260,190
6/22/2022,9257,6637,1304,244
6/23/2022,3135,2077,228,87
6/24/2022,10897,7884,1620,278
6/25/2022,14193,10509,7958,664
6/26/2022,2462,1702,1382,103
6/27/2022,2616,1707,1472,168
6/28/2022,3574,2399,1997,142
6/29/2022,2589,1692,1419,119
6/30/2022,9019,6393,4938,381
7/1/2022,20160,14847,11251,1358
7/2/2022,10937,7618,6081,371
7/3/2022,31643,23447,17564,2543
7/4/2022,2692,1745,1537,111
7/5/2022,2868,1919,1629,109
7/6/2022,4539,3211,2563,169
7/7/2022,6860,4889,3913,248
7/8/2022,2843,1841,1557,121
7/9/2022,4814,3485,2641,158
7/10/2022,3518,2339,1948,268
7/11/2022,3042,1982,1689,128
7/12/2022,5982,4385,3491,196
7/13/2022,7853,5632,4445,254
7/14/2022,14795,10604,8149,1018
7/15/2022,5445,4006,3071,191
7/16/2022,10807,7710,5995,552
7/17/2022,3651,2362,2055,198
7/18/2022,2764,1787,1534,134
7/19/2022,4989,3448,2768,183
7/20/2022,5906,4246,3313,218
7/21/2022,17349,12315,9440,505
7/22/2022,31239,22425,16631,866
7/23/2022,17492,12201,9256,514
7/24/2022,20200,14575,11019,587
7/25/2022,17346,12578,9832,532
7/26/2022,26641,19255,14547,743
7/27/2022,15116,11247,8515,450
7/28/2022,9281,6604,5072,287
7/29/2022,12046,8767,6535,360
7/30/2022,4594,3301,2527,167
7/31/2022,3956,2873,2221,131
8/1/2022,5475,4165,3101,163
8/2/2022,10307,7624,5727,311
8/3/2022,7143,5220,4134,230
8/4/2022,15387,11990,9133,1033
8/5/2022,4825,3456,2715,174
8/6/2022,2455,1783,1397,96
8/7/2022,9830,6735,5400,330
8/8/2022,2638,1725,1441,114
8/9/2022,5154,3692,2910,188
8/10/2022,6272,4537,3543,216
8/11/2022,6907,4931,3961,323
8/12/2022,4430,2997,2478,182
8/13/2022,8849,6201,4883,524
8/14/2022,20232,14693,11220,628
8/15/2022,19962,16986,12764,1195
8/16/2022,2617,1694,1393,114
8/17/2022,9033,6554,5056,286
8/18/2022,13194,11189,8458,871
8/19/2022,3026,1956,1641,137
8/20/2022,26143,19086,14348,724
8/21/2022,20873,15338,11705,608
8/22/2022,12792,11262,8485,779
8/23/2022,4059,2766,2268,155
8/24/2022,9322,6704,5185,286
8/25/2022,10874,9122,7077,592
8/26/2022,6823,4926,3793,241
8/27/2022,24251,17712,13443,705
8/28/2022,10519,7559,5817,358
8/29/2022,5028,3560,2851,182
8/30/2022,2918,2227,1711,112
8/31/2022,8686,6232,4836,302
9/1/2022,15073,12177,9188,790
9/2/2022,6633,4693,3721,270
9/3/2022,1214,785,694,88
9/4/2022,18694,13367,10070,522
9/5/2022,3077,2068,1738,131
9/6/2022,3228,2090,1791,135
9/7/2022,4981,3380,2744,170
9/8/2022,2615,1695,1408,120
9/9/2022,11215,8130,6282,347
9/10/2022,29305,22183,16669,945
9/11/2022,4402,3073,2518,608
9/12/2022,4489,3161,2551,171
9/13/2022,4384,3214,2509,164
9/14/2022,4660,3372,2674,179
9/15/2022,12752,10547,8026,864
9/16/2022,10343,6920,5657,337
9/17/2022,8310,5714,4377,259
9/18/2022,659,426,350,56
9/19/2022,7598,5531,4379,261
9/20/2022,4811,3444,2687,326
9/21/2022,8545,6417,4912,289
9/22/2022,7398,5177,4100,257
9/23/2022,5008,3464,2862,188
9/24/2022,4417,2965,2488,189
9/25/2022,3726,2476,1944,150
9/26/2022,4720,3278,2632,184
9/27/2022,10909,7684,5985,810
9/28/2022,6880,4944,3883,240
9/29/2022,3110,2033,1669,129
9/30/2022,5890,3999,3330,240
10/1/2022,10339,7251,5769,337
10/2/2022,24664,17427,13245,662
10/3/2022,17523,12929,9790,513
10/4/2022,9188,6431,5024,631
10/5/2022,5088,3530,2866,185
10/6/2022,11053,9312,7128,768
10/7/2022,3952,2588,2252,198
10/8/2022,14249,10213,7807,460
10/9/2022,5269,3646,2925,197
10/10/2022,6497,4735,3727,228
10/11/2022,2750,1794,1514,128
10/12/2022,4642,3137,2621,205
10/13/2022,12048,10059,7722,716
10/14/2022,4049,2627,2237,197
10/15/2022,2082,1354,1169,133
10/16/2022,6350,4523,3481,210
10/17/2022,8660,6181,4954,285
10/18/2022,4924,3467,2763,172
10/19/2022,4917,3334,2721,174
10/20/2022,5206,3688,2888,165
10/21/2022,2957,1930,1637,130
10/22/2022,4473,3148,2562,166
10/23/2022,553,357,290,41
10/24/2022,8192,5900,4632,547
10/25/2022,5397,3955,3169,194
10/26/2022,6356,4511,3570,223
10/27/2022,15744,12966,9764,861
10/28/2022,8144,5571,4398,286
10/29/2022,11419,8116,6353,384
10/30/2022,21800,16487,12226,621
10/31/2022,4570,3123,2544,189
11/1/2022,15633,12000,9060,481
11/2/2022,2821,1835,1591,134
11/3/2022,3510,2297,1924,140
11/4/2022,2922,1894,1613,110
11/5/2022,611,395,338,47
11/6/2022,7237,5938,4544,496
11/7/2022,10444,7286,5657,869
11/8/2022,9168,6838,5223,288
11/9/2022,3245,2145,1863,144
11/10/2022,2646,1711,1465,131
11/11/2022,7514,5479,4309,255
11/12/2022,22086,16199,12216,627
11/13/2022,1680,1086,971,317
11/14/2022,3583,2440,1940,150
11/15/2022,10116,7262,5683,305
11/16/2022,6368,4459,3442,201
11/17/2022,6422,4373,3540,252
11/18/2022,2953,1909,1668,138
11/19/2022,2478,1757,1387,105
11/20/2022,1186,767,608,84
11/21/2022,6923,4708,3735,246
11/22/2022,3733,2497,2126,167
11/23/2022,6597,4271,3598,291
11/24/2022,7336,5166,4136,268
11/25/2022,5067,3412,2870,192
11/26/2022,27531,21264,15784,761
11/27/2022,24162,17362,12956,652
11/28/2022,27529,20860,15419,748
11/29/2022,22188,16442,12364,602
11/30/2022,38443,29485,21952,1013
12/1/2022,9951,7285,5589,344
12/2/2022,5922,4305,3403,260
12/3/2022,1545,1089,899,75
12/4/2022,1922,1242,1105,121
12/5/2022,3157,2057,1706,145
12/6/2022,6042,4097,3323,223
12/7/2022,6222,4320,3443,233
12/8/2022,4663,3352,2693,207
12/9/2022,1833,1244,1027,120
12/10/2022,14590,10393,8275,466
12/11/2022,213,138,107,13
12/12/2022,4924,3457,2742,191
12/13/2022,7776,5509,4384,257
12/14/2022,7554,5438,4156,254
12/15/2022,10542,7357,5729,314
12/16/2022,4167,2905,2188,164
12/17/2022,6148,4250,3366,255
12/18/2022,3461,2245,1953,186
12/19/2022,10289,7463,5809,336
12/20/2022,9039,6517,5061,296
12/21/2022,2968,2172,1702,131
12/22/2022,1167,754,665,87
12/23/2022,9858,6853,5366,346
12/24/2022,11530,8242,6364,402
12/25/2022,21136,15276,11421,627
12/26/2022,24190,17544,13284,684
12/27/2022,26821,19238,14496,719
12/28/2022,13856,10471,7911,416
12/29/2022,3228,2362,1849,144
12/30/2022,1511,977,824,87
12/31/2022,8037,6468,4951,424
1/1/2023,1989,1291,1069,110
1/2/2023,8093,5795,4504,284
1/3/2023,8798,6543,5046,270
1/4/2023,1143,739,612,63
1/5/2023,8899,6327,4957,279
1/6/2023,31561,24061,17890,880
1/7/2023,1904,1231,1069,106
1/8/2023,4199,2823,2208,155
1/9/2023,2941,2130,1702,134
1/10/2023,4451,2919,2495,198
1/11/2023,11750,9207,7066,523
1/12/2023,11623,8484,6506,360
1/13/2023,4508,3169,2578,193
1/14/2023,2104,1408,1176,111
